{"OrbitDataset": {"Set2Set": {"set2set_orbit10k_500": {"time_pd": [2559.548169374466, 2615.2701675891876, 2582.5370103120804], "PIE_pd": [0.4824077785015106, 0.48217204213142395, 0.4834077785015106], "W2": [0.22499606291597907, 0.22769671484490056, 0.225], "logreg_acc_pred_pd": [0.9356666666666666, 0.935, 0.935], "rfc_acc_pred_pd": [0.93, 0.9303333333333333, 0.9303333333333333]}}, "TopologyNet": {"topologynet_orbit10k_500": {"time_pi": [6692.5279051065445, 6695.000380277634, 6701.817065477371], "PIE_pi": [0.5818575620651245, 0.6025739312171936, 0.5818763971328735], "logreg_acc_pred_pi": [0.5453333333333333, 0.539, 0.542], "rfc_acc_pred_pi": [0.5316666666666666, 0.5386666666666666, 0.534]}}, "CustomPersformer": {"persformer_orbit10k_500_real": {"acc_real_pd_class": [0.8326666355133057, 0.8326666355133057, 0.8326666355133057]}, "persformer_orbit10k_500_pred": {"acc_pred_pd_class": [0.9043333530426025, 0.9043333530426025, 0.9043333530426025]}}, "real": {"real": {"logreg_acc_real_pi": [0.829, 0.8293333333333334, 0.8276666666666667], "rfc_acc_real_pi": [0.8323333333333334, 0.8303333333333334, 0.8296666666666667]}}}}